ISO_A3,Country,Year,Percent
IDN,Indonesia,1950,12.4
MYS,Malaysia,1950,20.4
CHL,Chile,1950,58.4
BOL,,1950,
PER,Peru,1950,41.0
ARG,Argentina,1950,65.3
-99,,1950,
CYP,Cyprus,1950,28.4
IND,India,1950,17.0
CHN,China,1950,11.8
ISR,Israel,1950,71.0
PSE,,1950,
LBN,Lebanon,1950,32.0
ETH,Ethiopia,1950,4.6
SSD,South Sudan,1950,8.9
SOM,Somalia,1950,12.7
KEN,Kenya,1950,5.6
MWI,Malawi,1950,3.5
TZA,United Republic of Tanzania,1950,3.5
SYR,Syrian Arab Republic,1950,32.7
-99,,1950,
-99,,1950,
SUR,Suriname,1950,46.9
GUY,Guyana,1950,28.0
KOR,,1950,
PRK,,1950,
MAR,Morocco,1950,26.2
ESH,Western Sahara,1950,31.0
CRI,Costa Rica,1950,33.5
NIC,Nicaragua,1950,35.2
COG,Congo,1950,24.9
COD,,1950,
BTN,Bhutan,1950,2.1
UKR,Ukraine,1950,35.5
BLR,Belarus,1950,26.2
NAM,Namibia,1950,13.4
ZAF,South Africa,1950,42.2
MAF,,1950,
SXM,Sint Maarten (Dutch part),1950,100.0
OMN,Oman,1950,8.6
UZB,Uzbekistan,1950,28.9
KAZ,Kazakhstan,1950,36.4
TJK,Tajikistan,1950,29.4
LTU,Lithuania,1950,28.8
BRA,Brazil,1950,36.2
URY,Uruguay,1950,77.9
MNG,Mongolia,1950,20.0
RUS,Russian Federation,1950,44.1
CZE,Czechia,1950,54.2
DEU,Germany,1950,67.9
EST,Estonia,1950,49.7
LVA,Latvia,1950,46.4
-99,,1950,
SWE,Sweden,1950,65.7
FIN,Finland,1950,43.0
VNM,Viet Nam,1950,11.6
KHM,Cambodia,1950,10.2
LUX,Luxembourg,1950,67.2
ARE,United Arab Emirates,1950,54.5
BEL,Belgium,1950,91.5
GEO,Georgia,1950,36.9
MKD,,1950,
ALB,Albania,1950,20.5
AZE,Azerbaijan,1950,45.7
-99,,1950,
TUR,Turkey,1950,24.8
ESP,Spain,1950,51.9
LAO,Lao People's Democratic Republic,1950,7.2
KGZ,Kyrgyzstan,1950,26.5
ARM,Armenia,1950,40.3
DNK,Denmark,1950,68.0
LBY,Libya,1950,19.5
TUN,Tunisia,1950,32.3
ROU,Romania,1950,25.6
HUN,Hungary,1950,53.0
SVK,Slovakia,1950,30.0
POL,Poland,1950,38.3
IRL,Ireland,1950,40.1
GBR,United Kingdom,1950,79.0
GRC,Greece,1950,52.2
ZMB,Zambia,1950,11.5
SLE,Sierra Leone,1950,12.6
GIN,Guinea,1950,6.7
LBR,Liberia,1950,13.0
CAF,Central African Republic,1950,14.4
SDN,Sudan,1950,6.8
DJI,Djibouti,1950,39.8
ERI,Eritrea,1950,7.1
AUT,Austria,1950,63.6
IRQ,Iraq,1950,35.1
ITA,Italy,1950,54.1
CHE,Switzerland,1950,67.4
IRN,,1950,
NLD,Netherlands,1950,56.1
LIE,Liechtenstein,1950,19.9
CIV,Côte d'Ivoire,1950,10.0
SRB,Serbia,1950,20.3
MLI,Mali,1950,8.5
SEN,Senegal,1950,17.2
NGA,Nigeria,1950,9.4
BEN,Benin,1950,5.0
AGO,Angola,1950,7.6
HRV,Croatia,1950,22.3
SVN,Slovenia,1950,19.9
QAT,Qatar,1950,80.5
SAU,Saudi Arabia,1950,21.3
BWA,Botswana,1950,2.7
ZWE,Zimbabwe,1950,10.6
PAK,Pakistan,1950,17.5
BGR,Bulgaria,1950,27.6
THA,Thailand,1950,16.5
SMR,San Marino,1950,43.2
HTI,Haiti,1950,12.2
DOM,Dominican Republic,1950,23.7
TCD,Chad,1950,4.5
KWT,Kuwait,1950,61.5
SLV,El Salvador,1950,36.5
GTM,Guatemala,1950,25.1
TLS,Timor-Leste,1950,9.9
BRN,Brunei Darussalam,1950,26.8
MCO,Monaco,1950,100.0
DZA,Algeria,1950,22.2
MOZ,Mozambique,1950,5.5
SWZ,,1950,
BDI,Burundi,1950,1.7
RWA,Rwanda,1950,2.1
MMR,Myanmar,1950,16.2
BGD,Bangladesh,1950,4.3
AND,Andorra,1950,38.8
AFG,Afghanistan,1950,6.0
MNE,Montenegro,1950,12.7
BIH,Bosnia and Herzegovina,1950,13.7
UGA,Uganda,1950,2.8
-99,,1950,
CUB,Cuba,1950,56.5
HND,Honduras,1950,17.6
ECU,Ecuador,1950,28.3
COL,Colombia,1950,32.6
PRY,Paraguay,1950,34.6
-99,,1950,
PRT,Portugal,1950,31.2
MDA,Republic of Moldova,1950,18.5
TKM,Turkmenistan,1950,45.0
JOR,Jordan,1950,37.0
NPL,Nepal,1950,2.7
LSO,Lesotho,1950,1.8
CMR,Cameroon,1950,9.3
GAB,Gabon,1950,11.4
NER,Niger,1950,4.9
BFA,Burkina Faso,1950,3.8
TGO,Togo,1950,4.4
GHA,Ghana,1950,15.4
GNB,Guinea-Bissau,1950,10.0
GIB,Gibraltar,1950,100.0
USA,United States of America,1950,64.2
CAN,Canada,1950,60.9
MEX,Mexico,1950,42.7
BLZ,Belize,1950,55.3
PAN,Panama,1950,35.8
VEN,,1950,
PNG,Papua New Guinea,1950,1.7
EGY,Egypt,1950,31.9
YEM,Yemen,1950,5.8
MRT,Mauritania,1950,3.1
GNQ,Equatorial Guinea,1950,15.5
GMB,Gambia,1950,10.3
HKG,,1950,
VAT,,1950,
-99,,1950,
-99,,1950,
-99,,1950,
-99,,1950,
-99,,1950,
-99,,1950,
-99,,1950,
ATA,,1950,
AUS,Australia,1950,77.0
GRL,Greenland,1950,49.0
FJI,Fiji,1950,24.4
NZL,New Zealand,1950,72.5
NCL,New Caledonia,1950,24.6
MDG,Madagascar,1950,7.8
PHL,Philippines,1950,27.1
LKA,Sri Lanka,1950,15.3
CUW,Curaçao,1950,70.6
ABW,Aruba,1950,50.9
BHS,Bahamas,1950,52.1
TCA,Turks and Caicos Islands,1950,47.2
TWN,,1950,
JPN,Japan,1950,53.4
SPM,Saint Pierre and Miquelon,1950,80.0
ISL,Iceland,1950,72.8
PCN,,1950,
PYF,French Polynesia,1950,33.3
ATF,,1950,
SYC,Seychelles,1950,27.4
KIR,Kiribati,1950,11.0
MHL,Marshall Islands,1950,23.3
TTO,Trinidad and Tobago,1950,26.3
GRD,Grenada,1950,28.5
VCT,Saint Vincent and the Grenadines,1950,21.7
BRB,Barbados,1950,36.1
LCA,Saint Lucia,1950,19.2
DMA,Dominica,1950,34.7
UMI,,1950,
MSR,Montserrat,1950,15.8
ATG,Antigua and Barbuda,1950,30.1
KNA,Saint Kitts and Nevis,1950,26.5
VIR,,1950,
BLM,,1950,
PRI,Puerto Rico,1950,40.6
AIA,Anguilla,1950,100.0
VGB,British Virgin Islands,1950,11.2
JAM,Jamaica,1950,24.1
CYM,Cayman Islands,1950,100.0
BMU,Bermuda,1950,100.0
HMD,,1950,
SHN,,1950,
MUS,Mauritius,1950,29.3
COM,Comoros,1950,6.6
STP,Sao Tome and Principe,1950,13.5
CPV,Cabo Verde,1950,14.2
MLT,Malta,1950,88.9
JEY,,1950,
GGY,,1950,
IMN,Isle of Man,1950,52.9
ALA,,1950,
FRO,,1950,
-99,,1950,
IOT,,1950,
SGP,Singapore,1950,99.4
NFK,,1950,
COK,Cook Islands,1950,38.0
TON,Tonga,1950,12.9
WLF,,1950,
WSM,Samoa,1950,12.9
SLB,Solomon Islands,1950,3.8
TUV,Tuvalu,1950,11.2
MDV,Maldives,1950,10.6
NRU,Nauru,1950,100.0
FSM,,1950,
SGS,,1950,
FLK,Falkland Islands (Malvinas),1950,51.1
VUT,Vanuatu,1950,8.8
NIU,Niue,1950,21.5
ASM,American Samoa,1950,61.8
PLW,Palau,1950,53.9
GUM,Guam,1950,41.3
MNP,Northern Mariana Islands,1950,42.0
BHR,Bahrain,1950,64.4
-99,,1950,
-99,,1950,
-99,,1950,
MAC,,1950,
-99,,1950,
-99,,1950,
-99,,1950,
-99,,1950,
IDN,Indonesia,1970,17.1
MYS,Malaysia,1970,33.5
CHL,Chile,1970,75.2
BOL,,1970,
PER,Peru,1970,57.4
ARG,Argentina,1970,78.9
-99,,1970,
CYP,Cyprus,1970,40.8
IND,India,1970,19.8
CHN,China,1970,17.4
ISR,Israel,1970,84.2
PSE,,1970,
LBN,Lebanon,1970,59.5
ETH,Ethiopia,1970,8.6
SSD,South Sudan,1970,8.6
SOM,Somalia,1970,22.7
KEN,Kenya,1970,10.3
MWI,Malawi,1970,6.1
TZA,United Republic of Tanzania,1970,7.9
SYR,Syrian Arab Republic,1970,43.3
-99,,1970,
-99,,1970,
SUR,Suriname,1970,45.9
GUY,Guyana,1970,29.4
KOR,,1970,
PRK,,1970,
MAR,Morocco,1970,34.5
ESH,Western Sahara,1970,42.1
CRI,Costa Rica,1970,38.8
NIC,Nicaragua,1970,47.0
COG,Congo,1970,39.1
COD,,1970,
BTN,Bhutan,1970,6.1
UKR,Ukraine,1970,54.8
BLR,Belarus,1970,44.0
NAM,Namibia,1970,22.3
ZAF,South Africa,1970,47.8
MAF,,1970,
SXM,Sint Maarten (Dutch part),1970,100.0
OMN,Oman,1970,29.7
UZB,Uzbekistan,1970,36.7
KAZ,Kazakhstan,1970,50.2
TJK,Tajikistan,1970,36.9
LTU,Lithuania,1970,49.6
BRA,Brazil,1970,55.9
URY,Uruguay,1970,82.4
MNG,Mongolia,1970,45.1
RUS,Russian Federation,1970,62.5
CZE,Czechia,1970,64.4
DEU,Germany,1970,72.3
EST,Estonia,1970,64.9
LVA,Latvia,1970,60.7
-99,,1970,
SWE,Sweden,1970,81.0
FIN,Finland,1970,63.7
VNM,Viet Nam,1970,18.3
KHM,Cambodia,1970,16.0
LUX,Luxembourg,1970,74.4
ARE,United Arab Emirates,1970,79.8
BEL,Belgium,1970,93.8
GEO,Georgia,1970,48.0
MKD,,1970,
ALB,Albania,1970,31.7
AZE,Azerbaijan,1970,50.0
-99,,1970,
TUR,Turkey,1970,38.2
ESP,Spain,1970,66.0
LAO,Lao People's Democratic Republic,1970,9.6
KGZ,Kyrgyzstan,1970,37.5
ARM,Armenia,1970,59.9
DNK,Denmark,1970,79.7
LBY,Libya,1970,49.7
TUN,Tunisia,1970,43.5
ROU,Romania,1970,40.3
HUN,Hungary,1970,60.1
SVK,Slovakia,1970,41.1
POL,Poland,1970,52.1
IRL,Ireland,1970,51.3
GBR,United Kingdom,1970,77.1
GRC,Greece,1970,64.2
ZMB,Zambia,1970,30.4
SLE,Sierra Leone,1970,24.0
GIN,Guinea,1970,16.0
LBR,Liberia,1970,26.0
CAF,Central African Republic,1970,27.5
SDN,Sudan,1970,16.5
DJI,Djibouti,1970,61.8
ERI,Eritrea,1970,12.7
AUT,Austria,1970,65.3
IRQ,Iraq,1970,56.2
ITA,Italy,1970,64.3
CHE,Switzerland,1970,73.8
IRN,,1970,
NLD,Netherlands,1970,61.7
LIE,Liechtenstein,1970,18.5
CIV,Côte d'Ivoire,1970,28.2
SRB,Serbia,1970,39.7
MLI,Mali,1970,14.3
SEN,Senegal,1970,30.0
NGA,Nigeria,1970,17.8
BEN,Benin,1970,16.7
AGO,Angola,1970,15.0
HRV,Croatia,1970,40.2
SVN,Slovenia,1970,37.0
QAT,Qatar,1970,88.4
SAU,Saudi Arabia,1970,48.7
BWA,Botswana,1970,7.8
ZWE,Zimbabwe,1970,17.4
PAK,Pakistan,1970,24.8
BGR,Bulgaria,1970,52.3
THA,Thailand,1970,20.9
SMR,San Marino,1970,59.8
HTI,Haiti,1970,19.8
DOM,Dominican Republic,1970,40.3
TCD,Chad,1970,11.6
KWT,Kuwait,1970,85.7
SLV,El Salvador,1970,39.4
GTM,Guatemala,1970,35.5
TLS,Timor-Leste,1970,12.9
BRN,Brunei Darussalam,1970,61.7
MCO,Monaco,1970,100.0
DZA,Algeria,1970,39.5
MOZ,Mozambique,1970,9.0
SWZ,,1970,
BDI,Burundi,1970,2.8
RWA,Rwanda,1970,3.2
MMR,Myanmar,1970,22.8
BGD,Bangladesh,1970,7.6
AND,Andorra,1970,80.2
AFG,Afghanistan,1970,11.6
MNE,Montenegro,1970,26.9
BIH,Bosnia and Herzegovina,1970,27.2
UGA,Uganda,1970,6.7
-99,,1970,
CUB,Cuba,1970,60.3
HND,Honduras,1970,28.9
ECU,Ecuador,1970,39.3
COL,Colombia,1970,56.6
PRY,Paraguay,1970,37.1
-99,,1970,
PRT,Portugal,1970,38.8
MDA,Republic of Moldova,1970,32.1
TKM,Turkmenistan,1970,47.8
JOR,Jordan,1970,56.0
NPL,Nepal,1970,4.0
LSO,Lesotho,1970,8.6
CMR,Cameroon,1970,20.3
GAB,Gabon,1970,32.0
NER,Niger,1970,8.8
BFA,Burkina Faso,1970,5.7
TGO,Togo,1970,21.3
GHA,Ghana,1970,29.0
GNB,Guinea-Bissau,1970,15.1
GIB,Gibraltar,1970,100.0
USA,United States of America,1970,73.6
CAN,Canada,1970,75.7
MEX,Mexico,1970,59.0
BLZ,Belize,1970,51.0
PAN,Panama,1970,47.6
VEN,,1970,
PNG,Papua New Guinea,1970,9.8
EGY,Egypt,1970,41.5
YEM,Yemen,1970,13.3
MRT,Mauritania,1970,14.6
GNQ,Equatorial Guinea,1970,27.0
GMB,Gambia,1970,19.5
HKG,,1970,
VAT,,1970,
-99,,1970,
-99,,1970,
-99,,1970,
-99,,1970,
-99,,1970,
-99,,1970,
-99,,1970,
ATA,,1970,
AUS,Australia,1970,84.0
GRL,Greenland,1970,72.7
FJI,Fiji,1970,34.8
NZL,New Zealand,1970,81.1
NCL,New Caledonia,1970,51.2
MDG,Madagascar,1970,14.1
PHL,Philippines,1970,33.0
LKA,Sri Lanka,1970,17.6
CUW,Curaçao,1970,78.4
ABW,Aruba,1970,50.6
BHS,Bahamas,1970,66.8
TCA,Turks and Caicos Islands,1970,51.1
TWN,,1970,
JPN,Japan,1970,71.9
SPM,Saint Pierre and Miquelon,1970,88.4
ISL,Iceland,1970,84.9
PCN,,1970,
PYF,French Polynesia,1970,55.2
ATF,,1970,
SYC,Seychelles,1970,39.1
KIR,Kiribati,1970,24.1
MHL,Marshall Islands,1970,53.5
TTO,Trinidad and Tobago,1970,43.0
GRD,Grenada,1970,32.2
VCT,Saint Vincent and the Grenadines,1970,30.7
BRB,Barbados,1970,37.6
LCA,Saint Lucia,1970,23.9
DMA,Dominica,1970,38.7
UMI,,1970,
MSR,Montserrat,1970,11.4
ATG,Antigua and Barbuda,1970,33.8
KNA,Saint Kitts and Nevis,1970,34.1
VIR,,1970,
BLM,,1970,
PRI,Puerto Rico,1970,58.3
AIA,Anguilla,1970,100.0
VGB,British Virgin Islands,1970,16.6
JAM,Jamaica,1970,41.3
CYM,Cayman Islands,1970,100.0
BMU,Bermuda,1970,100.0
HMD,,1970,
SHN,,1970,
MUS,Mauritius,1970,42.6
COM,Comoros,1970,19.4
STP,Sao Tome and Principe,1970,29.5
CPV,Cabo Verde,1970,19.6
MLT,Malta,1970,89.7
JEY,,1970,
GGY,,1970,
IMN,Isle of Man,1970,55.8
ALA,,1970,
FRO,,1970,
-99,,1970,
IOT,,1970,
SGP,Singapore,1970,100.0
NFK,,1970,
COK,Cook Islands,1970,53.3
TON,Tonga,1970,20.2
WLF,,1970,
WSM,Samoa,1970,20.4
SLB,Solomon Islands,1970,8.9
TUV,Tuvalu,1970,22.1
MDV,Maldives,1970,11.9
NRU,Nauru,1970,100.0
FSM,,1970,
SGS,,1970,
FLK,Falkland Islands (Malvinas),1970,54.0
VUT,Vanuatu,1970,12.3
NIU,Niue,1970,21.1
ASM,American Samoa,1970,70.4
PLW,Palau,1970,59.7
GUM,Guam,1970,61.9
MNP,Northern Mariana Islands,1970,70.1
BHR,Bahrain,1970,83.8
-99,,1970,
-99,,1970,
-99,,1970,
MAC,,1970,
-99,,1970,
-99,,1970,
-99,,1970,
-99,,1970,
IDN,Indonesia,1990,30.6
MYS,Malaysia,1990,49.8
CHL,Chile,1990,83.3
BOL,,1990,
PER,Peru,1990,68.9
ARG,Argentina,1990,87.0
-99,,1990,
CYP,Cyprus,1990,66.8
IND,India,1990,25.5
CHN,China,1990,26.4
ISR,Israel,1990,90.4
PSE,,1990,
LBN,Lebanon,1990,83.1
ETH,Ethiopia,1990,12.6
SSD,South Sudan,1990,13.3
SOM,Somalia,1990,29.7
KEN,Kenya,1990,16.7
MWI,Malawi,1990,11.6
TZA,United Republic of Tanzania,1990,18.9
SYR,Syrian Arab Republic,1990,48.9
-99,,1990,
-99,,1990,
SUR,Suriname,1990,65.7
GUY,Guyana,1990,29.6
KOR,,1990,
PRK,,1990,
MAR,Morocco,1990,48.4
ESH,Western Sahara,1990,84.1
CRI,Costa Rica,1990,50.0
NIC,Nicaragua,1990,53.1
COG,Congo,1990,54.3
COD,,1990,
BTN,Bhutan,1990,16.4
UKR,Ukraine,1990,66.8
BLR,Belarus,1990,66.0
NAM,Namibia,1990,27.7
ZAF,South Africa,1990,52.0
MAF,,1990,
SXM,Sint Maarten (Dutch part),1990,100.0
OMN,Oman,1990,66.1
UZB,Uzbekistan,1990,41.4
KAZ,Kazakhstan,1990,56.3
TJK,Tajikistan,1990,31.7
LTU,Lithuania,1990,67.6
BRA,Brazil,1990,73.9
URY,Uruguay,1990,89.0
MNG,Mongolia,1990,57.0
RUS,Russian Federation,1990,73.4
CZE,Czechia,1990,75.2
DEU,Germany,1990,73.1
EST,Estonia,1990,71.2
LVA,Latvia,1990,69.3
-99,,1990,
SWE,Sweden,1990,83.1
FIN,Finland,1990,79.4
VNM,Viet Nam,1990,20.3
KHM,Cambodia,1990,15.5
LUX,Luxembourg,1990,80.9
ARE,United Arab Emirates,1990,79.1
BEL,Belgium,1990,96.4
GEO,Georgia,1990,55.0
MKD,,1990,
ALB,Albania,1990,36.4
AZE,Azerbaijan,1990,53.7
-99,,1990,
TUR,Turkey,1990,59.2
ESP,Spain,1990,75.4
LAO,Lao People's Democratic Republic,1990,15.4
KGZ,Kyrgyzstan,1990,37.8
ARM,Armenia,1990,67.4
DNK,Denmark,1990,84.8
LBY,Libya,1990,75.7
TUN,Tunisia,1990,57.9
ROU,Romania,1990,53.2
HUN,Hungary,1990,65.8
SVK,Slovakia,1990,56.5
POL,Poland,1990,61.3
IRL,Ireland,1990,56.9
GBR,United Kingdom,1990,78.1
GRC,Greece,1990,71.5
ZMB,Zambia,1990,39.4
SLE,Sierra Leone,1990,33.3
GIN,Guinea,1990,28.0
LBR,Liberia,1990,55.4
CAF,Central African Republic,1990,36.8
SDN,Sudan,1990,28.6
DJI,Djibouti,1990,76.0
ERI,Eritrea,1990,18.9
AUT,Austria,1990,63.0
IRQ,Iraq,1990,69.7
ITA,Italy,1990,66.7
CHE,Switzerland,1990,73.9
IRN,,1990,
NLD,Netherlands,1990,68.7
LIE,Liechtenstein,1990,16.9
CIV,Côte d'Ivoire,1990,39.3
SRB,Serbia,1990,50.4
MLI,Mali,1990,23.3
SEN,Senegal,1990,38.9
NGA,Nigeria,1990,29.7
BEN,Benin,1990,34.5
AGO,Angola,1990,37.1
HRV,Croatia,1990,51.0
SVN,Slovenia,1990,50.4
QAT,Qatar,1990,92.8
SAU,Saudi Arabia,1990,76.6
BWA,Botswana,1990,41.9
ZWE,Zimbabwe,1990,29.0
PAK,Pakistan,1990,30.6
BGR,Bulgaria,1990,66.4
THA,Thailand,1990,29.4
SMR,San Marino,1990,90.4
HTI,Haiti,1990,28.5
DOM,Dominican Republic,1990,55.2
TCD,Chad,1990,20.8
KWT,Kuwait,1990,98.0
SLV,El Salvador,1990,49.3
GTM,Guatemala,1990,42.0
TLS,Timor-Leste,1990,20.8
BRN,Brunei Darussalam,1990,66.4
MCO,Monaco,1990,100.0
DZA,Algeria,1990,52.1
MOZ,Mozambique,1990,25.0
SWZ,,1990,
BDI,Burundi,1990,6.3
RWA,Rwanda,1990,5.4
MMR,Myanmar,1990,25.2
BGD,Bangladesh,1990,19.8
AND,Andorra,1990,94.7
AFG,Afghanistan,1990,21.2
MNE,Montenegro,1990,48.0
BIH,Bosnia and Herzegovina,1990,39.2
UGA,Uganda,1990,11.1
-99,,1990,
CUB,Cuba,1990,73.4
HND,Honduras,1990,40.5
ECU,Ecuador,1990,55.1
COL,Colombia,1990,69.5
PRY,Paraguay,1990,48.7
-99,,1990,
PRT,Portugal,1990,47.9
MDA,Republic of Moldova,1990,46.8
TKM,Turkmenistan,1990,45.1
JOR,Jordan,1990,73.3
NPL,Nepal,1990,8.9
LSO,Lesotho,1990,14.0
CMR,Cameroon,1990,39.7
GAB,Gabon,1990,69.1
NER,Niger,1990,15.4
BFA,Burkina Faso,1990,13.8
TGO,Togo,1990,28.6
GHA,Ghana,1990,36.4
GNB,Guinea-Bissau,1990,30.8
GIB,Gibraltar,1990,100.0
USA,United States of America,1990,75.3
CAN,Canada,1990,76.6
MEX,Mexico,1990,71.4
BLZ,Belize,1990,47.5
PAN,Panama,1990,53.9
VEN,,1990,
PNG,Papua New Guinea,1990,15.0
EGY,Egypt,1990,43.5
YEM,Yemen,1990,20.9
MRT,Mauritania,1990,39.3
GNQ,Equatorial Guinea,1990,34.7
GMB,Gambia,1990,38.3
HKG,,1990,
VAT,,1990,
-99,,1990,
-99,,1990,
-99,,1990,
-99,,1990,
-99,,1990,
-99,,1990,
-99,,1990,
ATA,,1990,
AUS,Australia,1990,85.4
GRL,Greenland,1990,79.7
FJI,Fiji,1990,41.6
NZL,New Zealand,1990,84.7
NCL,New Caledonia,1990,59.6
MDG,Madagascar,1990,23.6
PHL,Philippines,1990,47.0
LKA,Sri Lanka,1990,18.5
CUW,Curaçao,1990,84.7
ABW,Aruba,1990,50.3
BHS,Bahamas,1990,79.8
TCA,Turks and Caicos Islands,1990,74.3
TWN,,1990,
JPN,Japan,1990,77.3
SPM,Saint Pierre and Miquelon,1990,88.9
ISL,Iceland,1990,90.8
PCN,,1990,
PYF,French Polynesia,1990,57.9
ATF,,1990,
SYC,Seychelles,1990,49.3
KIR,Kiribati,1990,35.0
MHL,Marshall Islands,1990,65.1
TTO,Trinidad and Tobago,1990,54.1
GRD,Grenada,1990,33.4
VCT,Saint Vincent and the Grenadines,1990,41.4
BRB,Barbados,1990,37.4
LCA,Saint Lucia,1990,29.3
DMA,Dominica,1990,63.1
UMI,,1990,
MSR,Montserrat,1990,12.5
ATG,Antigua and Barbuda,1990,35.4
KNA,Saint Kitts and Nevis,1990,34.6
VIR,,1990,
BLM,,1990,
PRI,Puerto Rico,1990,92.9
AIA,Anguilla,1990,100.0
VGB,British Virgin Islands,1990,37.8
JAM,Jamaica,1990,49.4
CYM,Cayman Islands,1990,100.0
BMU,Bermuda,1990,100.0
HMD,,1990,
SHN,,1990,
MUS,Mauritius,1990,43.9
COM,Comoros,1990,27.9
STP,Sao Tome and Principe,1990,43.6
CPV,Cabo Verde,1990,44.1
MLT,Malta,1990,90.4
JEY,,1990,
GGY,,1990,
IMN,Isle of Man,1990,51.7
ALA,,1990,
FRO,,1990,
-99,,1990,
IOT,,1990,
SGP,Singapore,1990,100.0
NFK,,1990,
COK,Cook Islands,1990,57.7
TON,Tonga,1990,22.7
WLF,,1990,
WSM,Samoa,1990,21.2
SLB,Solomon Islands,1990,13.7
TUV,Tuvalu,1990,40.7
MDV,Maldives,1990,25.8
NRU,Nauru,1990,100.0
FSM,,1990,
SGS,,1990,
FLK,Falkland Islands (Malvinas),1990,74.2
VUT,Vanuatu,1990,18.7
NIU,Niue,1990,30.9
ASM,American Samoa,1990,80.9
PLW,Palau,1990,69.6
GUM,Guam,1990,90.8
MNP,Northern Mariana Islands,1990,89.7
BHR,Bahrain,1990,88.1
-99,,1990,
-99,,1990,
-99,,1990,
MAC,,1990,
-99,,1990,
-99,,1990,
-99,,1990,
-99,,1990,
IDN,Indonesia,2010,49.9
MYS,Malaysia,2010,70.9
CHL,Chile,2010,87.1
BOL,,2010,
PER,Peru,2010,76.4
ARG,Argentina,2010,90.8
-99,,2010,
CYP,Cyprus,2010,67.6
IND,India,2010,30.9
CHN,China,2010,49.2
ISR,Israel,2010,91.8
PSE,,2010,
LBN,Lebanon,2010,87.3
ETH,Ethiopia,2010,17.3
SSD,South Sudan,2010,17.9
SOM,Somalia,2010,39.3
KEN,Kenya,2010,23.6
MWI,Malawi,2010,15.5
TZA,United Republic of Tanzania,2010,28.1
SYR,Syrian Arab Republic,2010,55.6
-99,,2010,
-99,,2010,
SUR,Suriname,2010,66.3
GUY,Guyana,2010,26.6
KOR,,2010,
PRK,,2010,
MAR,Morocco,2010,58.0
ESH,Western Sahara,2010,86.3
CRI,Costa Rica,2010,71.7
NIC,Nicaragua,2010,56.9
COG,Congo,2010,63.3
COD,,2010,
BTN,Bhutan,2010,34.8
UKR,Ukraine,2010,68.6
BLR,Belarus,2010,74.7
NAM,Namibia,2010,41.6
ZAF,South Africa,2010,62.2
MAF,,2010,
SXM,Sint Maarten (Dutch part),2010,100.0
OMN,Oman,2010,75.2
UZB,Uzbekistan,2010,51.0
KAZ,Kazakhstan,2010,56.8
TJK,Tajikistan,2010,26.5
LTU,Lithuania,2010,66.8
BRA,Brazil,2010,84.3
URY,Uruguay,2010,94.4
MNG,Mongolia,2010,67.6
RUS,Russian Federation,2010,73.7
CZE,Czechia,2010,73.3
DEU,Germany,2010,77.0
EST,Estonia,2010,68.1
LVA,Latvia,2010,67.8
-99,,2010,
SWE,Sweden,2010,85.1
FIN,Finland,2010,83.8
VNM,Viet Nam,2010,30.4
KHM,Cambodia,2010,20.3
LUX,Luxembourg,2010,88.5
ARE,United Arab Emirates,2010,84.1
BEL,Belgium,2010,97.7
GEO,Georgia,2010,55.5
MKD,,2010,
ALB,Albania,2010,52.2
AZE,Azerbaijan,2010,53.4
-99,,2010,
TUR,Turkey,2010,70.8
ESP,Spain,2010,78.4
LAO,Lao People's Democratic Republic,2010,30.1
KGZ,Kyrgyzstan,2010,35.3
ARM,Armenia,2010,63.4
DNK,Denmark,2010,86.8
LBY,Libya,2010,78.1
TUN,Tunisia,2010,66.7
ROU,Romania,2010,53.8
HUN,Hungary,2010,68.9
SVK,Slovakia,2010,54.7
POL,Poland,2010,60.9
IRL,Ireland,2010,61.5
GBR,United Kingdom,2010,81.3
GRC,Greece,2010,76.3
ZMB,Zambia,2010,39.4
SLE,Sierra Leone,2010,38.9
GIN,Guinea,2010,33.7
LBR,Liberia,2010,47.8
CAF,Central African Republic,2010,38.9
SDN,Sudan,2010,33.1
DJI,Djibouti,2010,77.0
ERI,Eritrea,2010,35.2
AUT,Austria,2010,57.4
IRQ,Iraq,2010,69.1
ITA,Italy,2010,68.3
CHE,Switzerland,2010,73.6
IRN,,2010,
NLD,Netherlands,2010,87.1
LIE,Liechtenstein,2010,14.5
CIV,Côte d'Ivoire,2010,47.3
SRB,Serbia,2010,55.0
MLI,Mali,2010,36.0
SEN,Senegal,2010,43.8
NGA,Nigeria,2010,43.5
BEN,Benin,2010,43.1
AGO,Angola,2010,59.8
HRV,Croatia,2010,55.2
SVN,Slovenia,2010,52.7
QAT,Qatar,2010,98.5
SAU,Saudi Arabia,2010,82.1
BWA,Botswana,2010,62.4
ZWE,Zimbabwe,2010,33.2
PAK,Pakistan,2010,35.0
BGR,Bulgaria,2010,72.3
THA,Thailand,2010,43.9
SMR,San Marino,2010,95.7
HTI,Haiti,2010,47.5
DOM,Dominican Republic,2010,73.8
TCD,Chad,2010,22.0
KWT,Kuwait,2010,100.0
SLV,El Salvador,2010,65.5
GTM,Guatemala,2010,48.4
TLS,Timor-Leste,2010,27.7
BRN,Brunei Darussalam,2010,75.0
MCO,Monaco,2010,100.0
DZA,Algeria,2010,67.5
MOZ,Mozambique,2010,31.8
SWZ,,2010,
BDI,Burundi,2010,10.6
RWA,Rwanda,2010,16.9
MMR,Myanmar,2010,28.9
BGD,Bangladesh,2010,30.5
AND,Andorra,2010,88.8
AFG,Afghanistan,2010,23.7
MNE,Montenegro,2010,64.1
BIH,Bosnia and Herzegovina,2010,45.6
UGA,Uganda,2010,19.4
-99,,2010,
CUB,Cuba,2010,76.6
HND,Honduras,2010,51.9
ECU,Ecuador,2010,62.7
COL,Colombia,2010,78.0
PRY,Paraguay,2010,59.3
-99,,2010,
PRT,Portugal,2010,60.6
MDA,Republic of Moldova,2010,42.6
TKM,Turkmenistan,2010,48.5
JOR,Jordan,2010,86.1
NPL,Nepal,2010,16.8
LSO,Lesotho,2010,24.8
CMR,Cameroon,2010,51.6
GAB,Gabon,2010,85.5
NER,Niger,2010,16.2
BFA,Burkina Faso,2010,24.6
TGO,Togo,2010,37.5
GHA,Ghana,2010,50.7
GNB,Guinea-Bissau,2010,40.1
GIB,Gibraltar,2010,100.0
USA,United States of America,2010,80.8
CAN,Canada,2010,80.9
MEX,Mexico,2010,77.8
BLZ,Belize,2010,45.2
PAN,Panama,2010,65.1
VEN,,2010,
PNG,Papua New Guinea,2010,13.0
EGY,Egypt,2010,43.0
YEM,Yemen,2010,31.8
MRT,Mauritania,2010,46.6
GNQ,Equatorial Guinea,2010,65.9
GMB,Gambia,2010,55.7
HKG,,2010,
VAT,,2010,
-99,,2010,
-99,,2010,
-99,,2010,
-99,,2010,
-99,,2010,
-99,,2010,
-99,,2010,
ATA,,2010,
AUS,Australia,2010,85.2
GRL,Greenland,2010,84.4
FJI,Fiji,2010,52.2
NZL,New Zealand,2010,86.2
NCL,New Caledonia,2010,67.1
MDG,Madagascar,2010,31.9
PHL,Philippines,2010,45.3
LKA,Sri Lanka,2010,18.2
CUW,Curaçao,2010,89.9
ABW,Aruba,2010,43.1
BHS,Bahamas,2010,82.4
TCA,Turks and Caicos Islands,2010,90.2
TWN,,2010,
JPN,Japan,2010,90.8
SPM,Saint Pierre and Miquelon,2010,89.9
ISL,Iceland,2010,93.6
PCN,,2010,
PYF,French Polynesia,2010,60.3
ATF,,2010,
SYC,Seychelles,2010,53.3
KIR,Kiribati,2010,47.4
MHL,Marshall Islands,2010,73.6
TTO,Trinidad and Tobago,2010,54.0
GRD,Grenada,2010,35.9
VCT,Saint Vincent and the Grenadines,2010,49.0
BRB,Barbados,2010,31.9
LCA,Saint Lucia,2010,18.5
DMA,Dominica,2010,68.1
UMI,,2010,
MSR,Montserrat,2010,9.2
ATG,Antigua and Barbuda,2010,26.2
KNA,Saint Kitts and Nevis,2010,31.3
VIR,,2010,
BLM,,2010,
PRI,Puerto Rico,2010,93.8
AIA,Anguilla,2010,100.0
VGB,British Virgin Islands,2010,44.8
JAM,Jamaica,2010,53.7
CYM,Cayman Islands,2010,100.0
BMU,Bermuda,2010,100.0
HMD,,2010,
SHN,,2010,
MUS,Mauritius,2010,41.6
COM,Comoros,2010,28.0
STP,Sao Tome and Principe,2010,65.0
CPV,Cabo Verde,2010,61.8
MLT,Malta,2010,94.1
JEY,,2010,
GGY,,2010,
IMN,Isle of Man,2010,52.0
ALA,,2010,
FRO,,2010,
-99,,2010,
IOT,,2010,
SGP,Singapore,2010,100.0
NFK,,2010,
COK,Cook Islands,2010,73.3
TON,Tonga,2010,23.4
WLF,,2010,
WSM,Samoa,2010,20.1
SLB,Solomon Islands,2010,20.0
TUV,Tuvalu,2010,54.8
MDV,Maldives,2010,36.4
NRU,Nauru,2010,100.0
FSM,,2010,
SGS,,2010,
FLK,Falkland Islands (Malvinas),2010,73.7
VUT,Vanuatu,2010,24.5
NIU,Niue,2010,38.7
ASM,American Samoa,2010,87.6
PLW,Palau,2010,74.8
GUM,Guam,2010,94.1
MNP,Northern Mariana Islands,2010,90.9
BHR,Bahrain,2010,88.6
-99,,2010,
-99,,2010,
-99,,2010,
MAC,,2010,
-99,,2010,
-99,,2010,
-99,,2010,
-99,,2010,
IDN,Indonesia,2025,59.8
MYS,Malaysia,2025,79.7
CHL,Chile,2025,88.2
BOL,,2025,
PER,Peru,2025,79.4
ARG,Argentina,2025,92.7
-99,,2025,
CYP,Cyprus,2025,67.2
IND,India,2025,37.4
CHN,China,2025,66.5
ISR,Israel,2025,93.0
PSE,,2025,
LBN,Lebanon,2025,89.8
ETH,Ethiopia,2025,24.2
SSD,South Sudan,2025,21.9
SOM,Somalia,2025,49.1
KEN,Kenya,2025,30.6
MWI,Malawi,2025,18.9
TZA,United Republic of Tanzania,2025,38.9
SYR,Syrian Arab Republic,2025,58.7
-99,,2025,
-99,,2025,
SUR,Suriname,2025,66.7
GUY,Guyana,2025,27.5
KOR,,2025,
PRK,,2025,
MAR,Morocco,2025,66.2
ESH,Western Sahara,2025,87.3
CRI,Costa Rica,2025,83.7
NIC,Nicaragua,2025,60.5
COG,Congo,2025,70.1
COD,,2025,
BTN,Bhutan,2025,45.6
UKR,Ukraine,2025,70.5
BLR,Belarus,2025,81.5
NAM,Namibia,2025,56.7
ZAF,South Africa,2025,69.8
MAF,,2025,
SXM,Sint Maarten (Dutch part),2025,100.0
OMN,Oman,2025,89.5
UZB,Uzbekistan,2025,50.7
KAZ,Kazakhstan,2025,58.6
TJK,Tajikistan,2025,28.8
LTU,Lithuania,2025,69.2
BRA,Brazil,2025,88.2
URY,Uruguay,2025,95.9
MNG,Mongolia,2025,69.5
RUS,Russian Federation,2025,75.8
CZE,Czechia,2025,74.9
DEU,Germany,2025,78.0
EST,Estonia,2025,70.2
LVA,Latvia,2025,69.0
-99,,2025,
SWE,Sweden,2025,89.2
FIN,Finland,2025,86.0
VNM,Viet Nam,2025,40.9
KHM,Cambodia,2025,26.5
LUX,Luxembourg,2025,92.4
ARE,United Arab Emirates,2025,88.2
BEL,Belgium,2025,98.3
GEO,Georgia,2025,61.6
MKD,,2025,
ALB,Albania,2025,66.1
AZE,Azerbaijan,2025,58.4
-99,,2025,
TUR,Turkey,2025,78.3
ESP,Spain,2025,82.1
LAO,Lao People's Democratic Republic,2025,39.6
KGZ,Kyrgyzstan,2025,38.6
ARM,Armenia,2025,64.1
DNK,Denmark,2025,88.8
LBY,Libya,2025,82.2
TUN,Tunisia,2025,71.2
ROU,Romania,2025,55.1
HUN,Hungary,2025,73.5
SVK,Slovakia,2025,54.3
POL,Poland,2025,60.5
IRL,Ireland,2025,65.1
GBR,United Kingdom,2025,85.1
GRC,Greece,2025,81.3
ZMB,Zambia,2025,47.5
SLE,Sierra Leone,2025,45.3
GIN,Guinea,2025,39.0
LBR,Liberia,2025,54.6
CAF,Central African Republic,2025,44.7
SDN,Sudan,2025,37.2
DJI,Djibouti,2025,78.9
ERI,Eritrea,2025,44.6
AUT,Austria,2025,60.1
IRQ,Iraq,2025,72.1
ITA,Italy,2025,72.6
CHE,Switzerland,2025,74.5
IRN,,2025,
NLD,Netherlands,2025,93.7
LIE,Liechtenstein,2025,14.8
CIV,Côte d'Ivoire,2025,54.1
SRB,Serbia,2025,57.6
MLI,Mali,2025,47.7
SEN,Senegal,2025,50.6
NGA,Nigeria,2025,55.8
BEN,Benin,2025,51.2
AGO,Angola,2025,69.9
HRV,Croatia,2025,59.3
SVN,Slovenia,2025,56.8
QAT,Qatar,2025,99.4
SAU,Saudi Arabia,2025,85.4
BWA,Botswana,2025,74.1
ZWE,Zimbabwe,2025,32.9
PAK,Pakistan,2025,38.7
BGR,Bulgaria,2025,77.4
THA,Thailand,2025,55.0
SMR,San Marino,2025,98.0
HTI,Haiti,2025,61.3
DOM,Dominican Republic,2025,85.5
TCD,Chad,2025,25.0
KWT,Kuwait,2025,100.0
SLV,El Salvador,2025,76.6
GTM,Guatemala,2025,54.0
TLS,Timor-Leste,2025,33.2
BRN,Brunei Darussalam,2025,79.7
MCO,Monaco,2025,100.0
DZA,Algeria,2025,76.2
MOZ,Mozambique,2025,39.9
SWZ,,2025,
BDI,Burundi,2025,15.5
RWA,Rwanda,2025,18.3
MMR,Myanmar,2025,32.8
BGD,Bangladesh,2025,42.0
AND,Andorra,2025,87.7
AFG,Afghanistan,2025,27.6
MNE,Montenegro,2025,69.2
BIH,Bosnia and Herzegovina,2025,51.2
UGA,Uganda,2025,28.0
-99,,2025,
CUB,Cuba,2025,77.8
HND,Honduras,2025,61.4
ECU,Ecuador,2025,65.3
COL,Colombia,2025,82.9
PRY,Paraguay,2025,63.8
-99,,2025,
PRT,Portugal,2025,68.9
MDA,Republic of Moldova,2025,43.9
TKM,Turkmenistan,2025,55.1
JOR,Jordan,2025,92.4
NPL,Nepal,2025,22.8
LSO,Lesotho,2025,31.4
CMR,Cameroon,2025,60.5
GAB,Gabon,2025,91.6
NER,Niger,2025,17.4
BFA,Burkina Faso,2025,33.8
TGO,Togo,2025,45.6
GHA,Ghana,2025,60.5
GNB,Guinea-Bissau,2025,46.3
GIB,Gibraltar,2025,100.0
USA,United States of America,2025,83.7
CAN,Canada,2025,82.1
MEX,Mexico,2025,82.1
BLZ,Belize,2025,47.1
PAN,Panama,2025,70.3
VEN,,2025,
PNG,Papua New Guinea,2025,14.1
EGY,Egypt,2025,43.4
YEM,Yemen,2025,41.1
MRT,Mauritania,2025,59.2
GNQ,Equatorial Guinea,2025,75.3
GMB,Gambia,2025,65.7
HKG,,2025,
VAT,,2025,
-99,,2025,
-99,,2025,
-99,,2025,
-99,,2025,
-99,,2025,
-99,,2025,
-99,,2025,
ATA,,2025,
AUS,Australia,2025,86.9
GRL,Greenland,2025,88.4
FJI,Fiji,2025,59.7
NZL,New Zealand,2025,87.2
NCL,New Caledonia,2025,73.5
MDG,Madagascar,2025,41.9
PHL,Philippines,2025,49.0
LKA,Sri Lanka,2025,19.6
CUW,Curaçao,2025,89.1
ABW,Aruba,2025,44.7
BHS,Bahamas,2025,83.9
TCA,Turks and Caicos Islands,2025,94.6
TWN,,2025,
JPN,Japan,2025,92.2
SPM,Saint Pierre and Miquelon,2025,90.2
ISL,Iceland,2025,94.1
PCN,,2025,
PYF,French Polynesia,2025,62.6
ATF,,2025,
SYC,Seychelles,2025,59.7
KIR,Kiribati,2025,59.1
MHL,Marshall Islands,2025,79.5
TTO,Trinidad and Tobago,2025,53.7
GRD,Grenada,2025,37.5
VCT,Saint Vincent and the Grenadines,2025,55.2
BRB,Barbados,2025,31.7
LCA,Saint Lucia,2025,19.5
DMA,Dominica,2025,72.6
UMI,,2025,
MSR,Montserrat,2025,9.4
ATG,Antigua and Barbuda,2025,24.4
KNA,Saint Kitts and Nevis,2025,31.4
VIR,,2025,
BLM,,2025,
PRI,Puerto Rico,2025,93.7
AIA,Anguilla,2025,100.0
VGB,British Virgin Islands,2025,50.6
JAM,Jamaica,2025,58.2
CYM,Cayman Islands,2025,100.0
BMU,Bermuda,2025,100.0
HMD,,2025,
SHN,,2025,
MUS,Mauritius,2025,41.0
COM,Comoros,2025,30.7
STP,Sao Tome and Principe,2025,77.6
CPV,Cabo Verde,2025,68.8
MLT,Malta,2025,95.1
JEY,,2025,
GGY,,2025,
IMN,Isle of Man,2025,54.0
ALA,,2025,
FRO,,2025,
-99,,2025,
IOT,,2025,
SGP,Singapore,2025,100.0
NFK,,2025,
COK,Cook Islands,2025,76.6
TON,Tonga,2025,23.3
WLF,,2025,
WSM,Samoa,2025,17.4
SLB,Solomon Islands,2025,26.9
TUV,Tuvalu,2025,67.6
MDV,Maldives,2025,42.8
NRU,Nauru,2025,100.0
FSM,,2025,
SGS,,2025,
FLK,Falkland Islands (Malvinas),2025,80.4
VUT,Vanuatu,2025,26.3
NIU,Niue,2025,49.5
ASM,American Samoa,2025,87.3
PLW,Palau,2025,83.3
GUM,Guam,2025,95.3
MNP,Northern Mariana Islands,2025,92.3
BHR,Bahrain,2025,90.1
-99,,2025,
-99,,2025,
-99,,2025,
MAC,,2025,
-99,,2025,
-99,,2025,
-99,,2025,
-99,,2025,
